id,age,gender,bmi,smoking_status,base_premium,age_multiplier,smoking_multiplier,bmi_multiplier,annual_premium
95,64,female,31.30,yes,5000,1.8,1.69,1.4,21294.00
104,61,female,29.92,yes,5000,1.8,1.69,1.4,21294.00
110,63,male,35.09,yes,5000,1.8,1.69,1.4,21294.00
176,63,female,37.70,yes,5000,1.8,1.69,1.4,21294.00
252,63,female,32.20,yes,5000,1.8,1.69,1.4,21294.00
329,64,female,33.80,yes,5000,1.8,1.69,1.4,21294.00
331,61,female,36.39,yes,5000,1.8,1.69,1.4,21294.00
421,64,male,33.88,yes,5000,1.8,1.69,1.4,21294.00
422,61,male,35.86,yes,5000,1.8,1.69,1.4,21294.00
669,62,male,32.02,yes,5000,1.8,1.69,1.4,21294.00
1242,64,male,36.96,yes,5000,1.8,1.69,1.4,21294.00
1285,61,male,36.30,yes,5000,1.8,1.69,1.4,21294.00
1302,62,male,30.88,yes,5000,1.8,1.69,1.4,21294.00
12,62,female,26.29,yes,5000,1.8,1.69,1.2,18252.00
245,63,female,27.74,yes,5000,1.8,1.69,1.2,18252.00
420,63,female,26.98,yes,5000,1.8,1.69,1.2,18252.00
476,61,male,28.31,yes,5000,1.8,1.69,1.2,18252.00
891,64,female,26.89,yes,5000,1.8,1.69,1.2,18252.00
1322,62,male,26.70,yes,5000,1.8,1.69,1.2,18252.00
1338,61,female,29.07,yes,5000,1.8,1.69,1.2,18252.00
40,60,male,39.90,yes,5000,1.5,1.69,1.4,17745.00
56,58,male,36.96,yes,5000,1.5,1.69,1.4,17745.00
87,57,female,31.16,yes,5000,1.5,1.69,1.4,17745.00
253,54,male,34.21,yes,5000,1.5,1.69,1.4,17745.00
257,56,male,33.63,yes,5000,1.5,1.69,1.4,17745.00
282,54,male,40.57,yes,5000,1.5,1.69,1.4,17745.00
289,59,female,36.77,yes,5000,1.5,1.69,1.4,17745.00
382,55,male,30.69,yes,5000,1.5,1.69,1.4,17745.00
531,57,male,42.13,yes,5000,1.5,1.69,1.4,17745.00
544,54,female,47.41,yes,5000,1.5,1.69,1.4,17745.00
678,60,male,31.35,yes,5000,1.5,1.69,1.4,17745.00
707,51,female,38.06,yes,5000,1.5,1.69,1.4,17745.00
743,53,male,34.11,yes,5000,1.5,1.69,1.4,17745.00
827,56,male,31.79,yes,5000,1.5,1.69,1.4,17745.00
846,60,female,32.45,yes,5000,1.5,1.69,1.4,17745.00
884,51,female,37.05,yes,5000,1.5,1.69,1.4,17745.00
902,60,male,40.92,yes,5000,1.5,1.69,1.4,17745.00
952,51,male,42.90,yes,5000,1.5,1.69,1.4,17745.00
957,54,male,30.80,yes,5000,1.5,1.69,1.4,17745.00
1032,55,female,35.20,yes,5000,1.5,1.69,1.4,17745.00
1063,59,male,41.14,yes,5000,1.5,1.69,1.4,17745.00
1097,51,female,34.96,yes,5000,1.5,1.69,1.4,17745.00
1123,53,female,36.86,yes,5000,1.5,1.69,1.4,17745.00
1147,60,male,32.80,yes,5000,1.5,1.69,1.4,17745.00
1231,52,male,34.49,yes,5000,1.5,1.69,1.4,17745.00
1241,52,male,41.80,yes,5000,1.5,1.69,1.4,17745.00
93,59,male,29.83,yes,5000,1.5,1.69,1.2,15210.00
332,52,male,27.36,yes,5000,1.5,1.69,1.2,15210.00
445,56,male,26.70,yes,5000,1.5,1.69,1.2,15210.00
475,54,male,25.10,yes,5000,1.5,1.69,1.2,15210.00
656,52,female,25.30,yes,5000,1.5,1.69,1.2,15210.00
665,64,female,22.99,yes,5000,1.8,1.69,1.0,15210.00
844,57,female,29.81,yes,5000,1.5,1.69,1.2,15210.00
887,57,male,28.98,yes,5000,1.5,1.69,1.2,15210.00
1266,64,male,23.76,yes,5000,1.8,1.69,1.0,15210.00
124,44,male,31.35,yes,5000,1.2,1.69,1.4,14196.00
147,46,male,30.50,yes,5000,1.2,1.69,1.4,14196.00
255,50,male,31.83,yes,5000,1.2,1.69,1.4,14196.00
266,46,male,42.35,yes,5000,1.2,1.69,1.4,14196.00
272,50,male,34.20,yes,5000,1.2,1.69,1.4,14196.00
313,43,male,35.97,yes,5000,1.2,1.69,1.4,14196.00
328,45,male,36.48,yes,5000,1.2,1.69,1.4,14196.00
339,50,male,32.30,yes,5000,1.2,1.69,1.4,14196.00
462,42,male,30.00,yes,5000,1.2,1.69,1.4,14196.00
489,44,female,38.06,yes,5000,1.2,1.69,1.4,14196.00
550,43,female,46.20,yes,5000,1.2,1.69,1.4,14196.00
570,48,male,40.57,yes,5000,1.2,1.69,1.4,14196.00
616,47,female,36.63,yes,5000,1.2,1.69,1.4,14196.00
630,44,female,38.95,yes,5000,1.2,1.69,1.4,14196.00
666,43,male,38.06,yes,5000,1.2,1.69,1.4,14196.00
675,44,female,43.89,yes,5000,1.2,1.69,1.4,14196.00
698,41,male,35.75,yes,5000,1.2,1.69,1.4,14196.00
829,41,male,30.78,yes,5000,1.2,1.69,1.4,14196.00
853,46,female,35.53,yes,5000,1.2,1.69,1.4,14196.00
857,48,female,33.11,yes,5000,1.2,1.69,1.4,14196.00
894,47,male,38.94,yes,5000,1.2,1.69,1.4,14196.00
954,44,male,30.20,yes,5000,1.2,1.69,1.4,14196.00
959,43,male,34.96,yes,5000,1.2,1.69,1.4,14196.00
1023,47,male,36.08,yes,5000,1.2,1.69,1.4,14196.00
1038,45,female,30.50,yes,5000,1.2,1.69,1.4,14196.00
1050,49,male,30.90,yes,5000,1.2,1.69,1.4,14196.00
1091,47,male,36.19,yes,5000,1.2,1.69,1.4,14196.00
1153,43,female,32.56,yes,5000,1.2,1.69,1.4,14196.00
1219,46,female,34.60,yes,5000,1.2,1.69,1.4,14196.00
1301,45,male,30.36,yes,5000,1.2,1.69,1.4,14196.00
1324,42,female,40.37,yes,5000,1.2,1.69,1.4,14196.00
59,53,female,22.88,yes,5000,1.5,1.69,1.0,12675.00
99,56,male,19.95,yes,5000,1.5,1.69,1.0,12675.00
263,52,male,24.32,yes,5000,1.5,1.69,1.0,12675.00
302,53,female,22.61,yes,5000,1.5,1.69,1.0,12675.00
503,51,male,23.21,yes,5000,1.5,1.69,1.0,12675.00
608,59,female,23.66,yes,5000,1.5,1.69,1.0,12675.00
794,53,male,20.90,yes,5000,1.5,1.69,1.0,12675.00
967,51,male,24.80,yes,5000,1.5,1.69,1.0,12675.00
1177,52,female,24.13,yes,5000,1.5,1.69,1.0,12675.00
37,62,female,32.97,no,5000,1.8,1.0,1.4,12600.00
67,61,female,39.10,no,5000,1.8,1.0,1.4,12600.00
171,63,male,41.47,no,5000,1.8,1.0,1.4,12600.00
191,61,male,31.57,no,5000,1.8,1.0,1.4,12600.00
200,64,female,39.33,no,5000,1.8,1.0,1.4,12600.00
209,63,female,31.80,no,5000,1.8,1.0,1.4,12600.00
333,61,female,31.16,no,5000,1.8,1.0,1.4,12600.00
336,64,male,34.50,no,5000,1.8,1.0,1.4,12600.00
342,62,male,30.02,no,5000,1.8,1.0,1.4,12600.00
344,63,male,36.77,no,5000,1.8,1.0,1.4,12600.00
379,64,female,30.12,no,5000,1.8,1.0,1.4,12600.00
380,62,male,31.46,no,5000,1.8,1.0,1.4,12600.00
403,64,female,32.97,no,5000,1.8,1.0,1.4,12600.00
419,64,male,39.16,no,5000,1.8,1.0,1.4,12600.00
463,62,female,38.10,no,5000,1.8,1.0,1.4,12600.00
481,63,male,41.33,no,5000,1.8,1.0,1.4,12600.00
494,61,male,43.40,no,5000,1.8,1.0,1.4,12600.00
500,62,female,39.20,no,5000,1.8,1.0,1.4,12600.00
532,62,female,31.73,no,5000,1.8,1.0,1.4,12600.00
535,64,male,40.48,no,5000,1.8,1.0,1.4,12600.00
543,63,female,36.30,no,5000,1.8,1.0,1.4,12600.00
551,63,male,30.80,no,5000,1.8,1.0,1.4,12600.00
574,62,female,36.86,no,5000,1.8,1.0,1.4,12600.00
589,61,female,35.91,no,5000,1.8,1.0,1.4,12600.00
604,64,female,39.05,no,5000,1.8,1.0,1.4,12600.00
636,64,male,38.19,no,5000,1.8,1.0,1.4,12600.00
643,61,male,33.92,no,5000,1.8,1.0,1.4,12600.00
723,62,male,37.40,no,5000,1.8,1.0,1.4,12600.00
753,64,male,37.91,no,5000,1.8,1.0,1.4,12600.00
769,64,female,39.70,no,5000,1.8,1.0,1.4,12600.00
771,61,male,36.10,no,5000,1.8,1.0,1.4,12600.00
790,62,female,29.92,no,5000,1.8,1.0,1.4,12600.00
802,64,female,35.97,no,5000,1.8,1.0,1.4,12600.00
826,64,female,31.83,no,5000,1.8,1.0,1.4,12600.00
831,63,male,33.10,no,5000,1.8,1.0,1.4,12600.00
852,61,male,32.30,no,5000,1.8,1.0,1.4,12600.00
895,62,male,32.11,no,5000,1.8,1.0,1.4,12600.00
896,61,female,44.00,no,5000,1.8,1.0,1.4,12600.00
909,63,male,39.80,no,5000,1.8,1.0,1.4,12600.00
922,62,female,33.20,no,5000,1.8,1.0,1.4,12600.00
929,62,female,39.16,no,5000,1.8,1.0,1.4,12600.00
945,62,male,39.93,no,5000,1.8,1.0,1.4,12600.00
963,63,female,35.20,no,5000,1.8,1.0,1.4,12600.00
998,63,female,36.85,no,5000,1.8,1.0,1.4,12600.00
1013,61,female,33.33,no,5000,1.8,1.0,1.4,12600.00
1035,61,male,38.38,no,5000,1.8,1.0,1.4,12600.00
1072,63,male,31.45,no,5000,1.8,1.0,1.4,12600.00
1080,63,male,33.66,no,5000,1.8,1.0,1.4,12600.00
1085,62,female,30.50,no,5000,1.8,1.0,1.4,12600.00
1188,62,female,32.68,no,5000,1.8,1.0,1.4,12600.00
1323,62,male,38.83,no,5000,1.8,1.0,1.4,12600.00
1326,61,male,33.54,no,5000,1.8,1.0,1.4,12600.00
53,48,male,28.00,yes,5000,1.2,1.69,1.2,12168.00
161,42,female,26.60,yes,5000,1.2,1.69,1.2,12168.00
298,47,male,25.41,yes,5000,1.2,1.69,1.2,12168.00
525,42,male,26.07,yes,5000,1.2,1.69,1.2,12168.00
546,49,male,25.84,yes,5000,1.2,1.69,1.2,12168.00
618,49,male,25.60,yes,5000,1.2,1.69,1.2,12168.00
642,42,male,28.31,yes,5000,1.2,1.69,1.2,12168.00
758,47,female,27.83,yes,5000,1.2,1.69,1.2,12168.00
784,50,female,27.60,yes,5000,1.2,1.69,1.2,12168.00
819,47,female,26.13,yes,5000,1.2,1.69,1.2,12168.00
917,43,female,26.89,yes,5000,1.2,1.69,1.2,12168.00
1008,47,male,28.22,yes,5000,1.2,1.69,1.2,12168.00
1054,47,male,29.80,yes,5000,1.2,1.69,1.2,12168.00
1113,48,female,25.85,yes,5000,1.2,1.69,1.2,12168.00
1172,43,female,26.70,yes,5000,1.2,1.69,1.2,12168.00
1189,43,female,25.27,yes,5000,1.2,1.69,1.2,12168.00
1282,47,female,27.65,yes,5000,1.2,1.69,1.2,12168.00
1304,43,male,27.80,yes,5000,1.2,1.69,1.2,12168.00
24,34,female,31.92,yes,5000,1.0,1.69,1.4,11830.00
30,31,male,36.30,yes,5000,1.0,1.69,1.4,11830.00
39,35,male,36.67,yes,5000,1.0,1.69,1.4,11830.00
50,36,male,35.20,yes,5000,1.0,1.69,1.4,11830.00
54,36,male,34.43,yes,5000,1.0,1.69,1.4,11830.00
85,37,female,34.80,yes,5000,1.0,1.69,1.4,11830.00
186,36,male,41.90,yes,5000,1.0,1.69,1.4,11830.00
299,31,male,34.39,yes,5000,1.0,1.69,1.4,11830.00
323,34,male,30.80,yes,5000,1.0,1.69,1.4,11830.00
423,40,male,32.78,yes,5000,1.0,1.69,1.4,11830.00
442,33,female,33.50,yes,5000,1.0,1.69,1.4,11830.00
559,35,female,34.11,yes,5000,1.0,1.69,1.4,11830.00
578,31,female,38.10,yes,5000,1.0,1.69,1.4,11830.00
588,34,female,30.21,yes,5000,1.0,1.69,1.4,11830.00
622,37,male,34.10,yes,5000,1.0,1.69,1.4,11830.00
668,40,female,32.78,yes,5000,1.0,1.69,1.4,11830.00
683,39,male,35.30,yes,5000,1.0,1.69,1.4,11830.00
737,37,female,38.39,yes,5000,1.0,1.69,1.4,11830.00
820,33,female,35.53,yes,5000,1.0,1.69,1.4,11830.00
851,37,female,30.78,yes,5000,1.0,1.69,1.4,11830.00
861,37,female,47.60,yes,5000,1.0,1.69,1.4,11830.00
948,37,male,34.20,yes,5000,1.0,1.69,1.4,11830.00
1071,37,male,37.07,yes,5000,1.0,1.69,1.4,11830.00
1112,38,male,38.39,yes,5000,1.0,1.69,1.4,11830.00
1119,33,male,35.75,yes,5000,1.0,1.69,1.4,11830.00
1208,36,male,33.40,yes,5000,1.0,1.69,1.4,11830.00
1250,32,male,33.63,yes,5000,1.0,1.69,1.4,11830.00
1279,39,male,29.93,yes,5000,1.0,1.69,1.4,11830.00
34,63,male,28.31,no,5000,1.8,1.0,1.2,10800.00
288,63,female,26.22,no,5000,1.8,1.0,1.2,10800.00
338,62,male,27.55,no,5000,1.8,1.0,1.2,10800.00
399,64,male,25.60,no,5000,1.8,1.0,1.2,10800.00
492,61,female,25.08,no,5000,1.8,1.0,1.2,10800.00
919,61,female,28.20,no,5000,1.8,1.0,1.2,10800.00
921,62,female,25.00,no,5000,1.8,1.0,1.2,10800.00
1052,64,male,26.41,no,5000,1.8,1.0,1.2,10800.00
1126,63,female,25.08,no,5000,1.8,1.0,1.2,10800.00
15,27,male,42.13,yes,5000,0.9,1.69,1.4,10647.00
20,30,male,35.30,yes,5000,0.9,1.69,1.4,10647.00
31,22,male,35.60,yes,5000,0.9,1.69,1.4,10647.00
35,28,male,36.40,yes,5000,0.9,1.69,1.4,10647.00
58,18,male,31.68,yes,5000,0.9,1.69,1.4,10647.00
83,22,male,37.62,yes,5000,0.9,1.69,1.4,10647.00
159,30,male,35.53,yes,5000,0.9,1.69,1.4,10647.00
162,18,female,36.85,yes,5000,0.9,1.69,1.4,10647.00
204,27,female,36.08,yes,5000,0.9,1.69,1.4,10647.00
224,19,male,34.80,yes,5000,0.9,1.69,1.4,10647.00
241,23,female,36.67,yes,5000,0.9,1.69,1.4,10647.00
260,19,male,31.92,yes,5000,0.9,1.69,1.4,10647.00
264,19,male,36.96,yes,5000,0.9,1.69,1.4,10647.00
293,25,male,45.54,yes,5000,0.9,1.69,1.4,10647.00
315,27,female,31.40,yes,5000,0.9,1.69,1.4,10647.00
374,26,male,32.90,yes,5000,0.9,1.69,1.4,10647.00
378,24,male,40.15,yes,5000,0.9,1.69,1.4,10647.00
501,29,male,34.40,yes,5000,0.9,1.69,1.4,10647.00
504,19,male,30.25,yes,5000,0.9,1.69,1.4,10647.00
610,30,male,37.80,yes,5000,0.9,1.69,1.4,10647.00
619,19,female,33.11,yes,5000,0.9,1.69,1.4,10647.00
624,18,male,33.54,yes,5000,0.9,1.69,1.4,10647.00
690,27,male,31.13,yes,5000,0.9,1.69,1.4,10647.00
726,30,female,39.05,yes,5000,0.9,1.69,1.4,10647.00
739,23,male,31.73,yes,5000,0.9,1.69,1.4,10647.00
740,29,male,35.50,yes,5000,0.9,1.69,1.4,10647.00
760,18,male,38.17,yes,5000,0.9,1.69,1.4,10647.00
804,18,female,42.24,yes,5000,0.9,1.69,1.4,10647.00
843,23,female,32.78,yes,5000,0.9,1.69,1.4,10647.00
912,18,male,31.73,yes,5000,0.9,1.69,1.4,10647.00
1002,24,male,32.70,yes,5000,0.9,1.69,1.4,10647.00
1022,22,female,31.02,yes,5000,0.9,1.69,1.4,10647.00
1037,22,male,37.07,yes,5000,0.9,1.69,1.4,10647.00
1043,20,male,30.69,yes,5000,0.9,1.69,1.4,10647.00
1048,22,male,52.58,yes,5000,0.9,1.69,1.4,10647.00
1079,28,male,31.68,yes,5000,0.9,1.69,1.4,10647.00
1094,22,female,30.40,yes,5000,0.9,1.69,1.4,10647.00
1118,25,male,33.33,yes,5000,0.9,1.69,1.4,10647.00
1121,23,female,31.40,yes,5000,0.9,1.69,1.4,10647.00
1125,23,female,42.75,yes,5000,0.9,1.69,1.4,10647.00
1140,19,female,32.49,yes,5000,0.9,1.69,1.4,10647.00
1157,19,male,44.88,yes,5000,0.9,1.69,1.4,10647.00
1187,20,male,35.63,yes,5000,0.9,1.69,1.4,10647.00
1197,19,female,30.02,yes,5000,0.9,1.69,1.4,10647.00
1268,24,male,31.07,yes,5000,0.9,1.69,1.4,10647.00
1289,20,male,39.40,yes,5000,0.9,1.69,1.4,10647.00
1292,19,male,34.90,yes,5000,0.9,1.69,1.4,10647.00
1309,25,female,30.20,yes,5000,0.9,1.69,1.4,10647.00
1314,19,female,34.70,yes,5000,0.9,1.69,1.4,10647.00
14,56,female,39.82,no,5000,1.5,1.0,1.4,10500.00
17,52,female,30.78,no,5000,1.5,1.0,1.4,10500.00
19,56,male,40.30,no,5000,1.5,1.0,1.4,10500.00
21,60,female,36.01,no,5000,1.5,1.0,1.4,10500.00
28,55,female,32.78,no,5000,1.5,1.0,1.4,10500.00
46,55,male,37.30,no,5000,1.5,1.0,1.4,10500.00
57,58,female,31.83,no,5000,1.5,1.0,1.4,10500.00
74,58,male,32.01,no,5000,1.5,1.0,1.4,10500.00
76,57,male,34.01,no,5000,1.5,1.0,1.4,10500.00
97,54,female,30.80,no,5000,1.5,1.0,1.4,10500.00
98,55,male,38.28,no,5000,1.5,1.0,1.4,10500.00
111,54,male,33.63,no,5000,1.5,1.0,1.4,10500.00
115,52,male,32.21,no,5000,1.5,1.0,1.4,10500.00
117,58,male,49.06,no,5000,1.5,1.0,1.4,10500.00
128,52,female,37.40,no,5000,1.5,1.0,1.4,10500.00
133,53,female,35.90,no,5000,1.5,1.0,1.4,10500.00
139,54,female,31.90,no,5000,1.5,1.0,1.4,10500.00
148,51,female,37.73,no,5000,1.5,1.0,1.4,10500.00
149,53,female,37.43,no,5000,1.5,1.0,1.4,10500.00
163,54,male,39.60,no,5000,1.5,1.0,1.4,10500.00
222,53,female,33.25,no,5000,1.5,1.0,1.4,10500.00
226,55,male,33.88,no,5000,1.5,1.0,1.4,10500.00
228,58,female,41.91,no,5000,1.5,1.0,1.4,10500.00
246,54,male,30.02,no,5000,1.5,1.0,1.4,10500.00
247,60,female,38.06,no,5000,1.5,1.0,1.4,10500.00
265,53,female,38.06,no,5000,1.5,1.0,1.4,10500.00
268,59,female,32.40,no,5000,1.5,1.0,1.4,10500.00
279,59,male,31.79,no,5000,1.5,1.0,1.4,10500.00
284,55,female,32.40,no,5000,1.5,1.0,1.4,10500.00
285,52,female,31.20,no,5000,1.5,1.0,1.4,10500.00
303,56,female,37.51,no,5000,1.5,1.0,1.4,10500.00
305,57,female,38.00,no,5000,1.5,1.0,1.4,10500.00
309,58,male,34.87,no,5000,1.5,1.0,1.4,10500.00
316,52,male,33.25,no,5000,1.5,1.0,1.4,10500.00
318,54,male,32.78,no,5000,1.5,1.0,1.4,10500.00
324,57,male,40.95,no,5000,1.5,1.0,1.4,10500.00
330,52,male,36.70,no,5000,1.5,1.0,1.4,10500.00
367,56,female,32.30,no,5000,1.5,1.0,1.4,10500.00
383,55,male,33.00,no,5000,1.5,1.0,1.4,10500.00
387,58,female,39.05,no,5000,1.5,1.0,1.4,10500.00
406,52,female,38.38,no,5000,1.5,1.0,1.4,10500.00
417,52,male,34.10,no,5000,1.5,1.0,1.4,10500.00
434,60,female,30.50,no,5000,1.5,1.0,1.4,10500.00
436,60,male,33.11,no,5000,1.5,1.0,1.4,10500.00
439,52,female,46.75,no,5000,1.5,1.0,1.4,10500.00
444,59,female,36.52,no,5000,1.5,1.0,1.4,10500.00
456,59,male,37.40,no,5000,1.5,1.0,1.4,10500.00
457,55,female,30.14,no,5000,1.5,1.0,1.4,10500.00
458,57,female,30.50,no,5000,1.5,1.0,1.4,10500.00
459,56,male,39.60,no,5000,1.5,1.0,1.4,10500.00
468,56,female,33.82,no,5000,1.5,1.0,1.4,10500.00
484,51,female,39.50,no,5000,1.5,1.0,1.4,10500.00
490,53,male,31.16,no,5000,1.5,1.0,1.4,10500.00
511,56,male,32.11,no,5000,1.5,1.0,1.4,10500.00
516,58,male,35.70,no,5000,1.5,1.0,1.4,10500.00
523,51,female,33.92,no,5000,1.5,1.0,1.4,10500.00
540,53,male,31.35,no,5000,1.5,1.0,1.4,10500.00
545,54,male,30.21,no,5000,1.5,1.0,1.4,10500.00
548,54,female,46.70,no,5000,1.5,1.0,1.4,10500.00
554,52,female,31.73,no,5000,1.5,1.0,1.4,10500.00
562,54,female,32.68,no,5000,1.5,1.0,1.4,10500.00
575,57,female,34.30,no,5000,1.5,1.0,1.4,10500.00
579,52,male,30.20,no,5000,1.5,1.0,1.4,10500.00
600,52,female,37.53,no,5000,1.5,1.0,1.4,10500.00
602,51,male,31.64,no,5000,1.5,1.0,1.4,10500.00
606,51,female,34.10,no,5000,1.5,1.0,1.4,10500.00
620,55,female,37.10,no,5000,1.5,1.0,1.4,10500.00
629,58,male,38.00,no,5000,1.5,1.0,1.4,10500.00
631,53,male,36.10,no,5000,1.5,1.0,1.4,10500.00
635,51,male,39.70,no,5000,1.5,1.0,1.4,10500.00
640,56,male,33.66,no,5000,1.5,1.0,1.4,10500.00
650,58,female,32.97,no,5000,1.5,1.0,1.4,10500.00
652,53,female,39.60,no,5000,1.5,1.0,1.4,10500.00
655,59,female,35.20,no,5000,1.5,1.0,1.4,10500.00
677,55,female,40.81,no,5000,1.5,1.0,1.4,10500.00
679,56,male,36.10,no,5000,1.5,1.0,1.4,10500.00
697,53,female,32.30,no,5000,1.5,1.0,1.4,10500.00
699,56,male,33.73,no,5000,1.5,1.0,1.4,10500.00
703,53,male,41.47,no,5000,1.5,1.0,1.4,10500.00
719,51,female,36.67,no,5000,1.5,1.0,1.4,10500.00
720,58,female,33.44,no,5000,1.5,1.0,1.4,10500.00
721,51,female,40.66,no,5000,1.5,1.0,1.4,10500.00
722,53,male,36.60,no,5000,1.5,1.0,1.4,10500.00
735,59,female,32.10,no,5000,1.5,1.0,1.4,10500.00
766,57,female,31.83,no,5000,1.5,1.0,1.4,10500.00
776,51,male,33.33,no,5000,1.5,1.0,1.4,10500.00
783,51,male,35.97,no,5000,1.5,1.0,1.4,10500.00
787,60,male,36.96,no,5000,1.5,1.0,1.4,10500.00
799,58,female,33.10,no,5000,1.5,1.0,1.4,10500.00
834,58,male,34.39,no,5000,1.5,1.0,1.4,10500.00
840,59,female,31.35,no,5000,1.5,1.0,1.4,10500.00
845,53,male,30.50,no,5000,1.5,1.0,1.4,10500.00
847,51,female,34.20,no,5000,1.5,1.0,1.4,10500.00
850,55,male,32.78,no,5000,1.5,1.0,1.4,10500.00
863,55,female,33.54,no,5000,1.5,1.0,1.4,10500.00
868,57,male,43.70,no,5000,1.5,1.0,1.4,10500.00
890,57,male,33.63,no,5000,1.5,1.0,1.4,10500.00
905,60,female,35.10,no,5000,1.5,1.0,1.4,10500.00
946,56,female,35.80,no,5000,1.5,1.0,1.4,10500.00
965,52,male,36.77,no,5000,1.5,1.0,1.4,10500.00
1019,54,female,35.82,no,5000,1.5,1.0,1.4,10500.00
1021,51,male,37.00,no,5000,1.5,1.0,1.4,10500.00
1029,54,male,31.60,no,5000,1.5,1.0,1.4,10500.00
1045,55,male,35.25,no,5000,1.5,1.0,1.4,10500.00
1070,54,female,31.90,no,5000,1.5,1.0,1.4,10500.00
1088,57,male,31.54,no,5000,1.5,1.0,1.4,10500.00
1089,52,male,47.74,no,5000,1.5,1.0,1.4,10500.00
1099,52,female,30.88,no,5000,1.5,1.0,1.4,10500.00
1104,58,male,36.08,no,5000,1.5,1.0,1.4,10500.00
1106,54,female,31.24,no,5000,1.5,1.0,1.4,10500.00
1111,54,female,32.30,no,5000,1.5,1.0,1.4,10500.00
1116,55,male,32.67,no,5000,1.5,1.0,1.4,10500.00
1133,57,male,40.28,no,5000,1.5,1.0,1.4,10500.00
1146,52,male,32.78,no,5000,1.5,1.0,1.4,10500.00
1152,58,female,36.48,no,5000,1.5,1.0,1.4,10500.00
1167,57,male,40.37,no,5000,1.5,1.0,1.4,10500.00
1173,56,female,41.91,no,5000,1.5,1.0,1.4,10500.00
1193,58,female,32.40,no,5000,1.5,1.0,1.4,10500.00
1204,51,male,32.30,no,5000,1.5,1.0,1.4,10500.00
1207,59,female,34.80,no,5000,1.5,1.0,1.4,10500.00
1210,59,male,37.10,no,5000,1.5,1.0,1.4,10500.00
1214,52,female,33.30,no,5000,1.5,1.0,1.4,10500.00
1229,56,male,34.43,no,5000,1.5,1.0,1.4,10500.00
1230,58,male,30.31,no,5000,1.5,1.0,1.4,10500.00
1257,51,female,36.39,no,5000,1.5,1.0,1.4,10500.00
1259,55,male,37.72,no,5000,1.5,1.0,1.4,10500.00
1267,55,female,30.50,no,5000,1.5,1.0,1.4,10500.00
1328,51,male,30.03,no,5000,1.5,1.0,1.4,10500.00
1330,52,male,38.60,no,5000,1.5,1.0,1.4,10500.00
1333,52,female,44.70,no,5000,1.5,1.0,1.4,10500.00
86,45,male,22.90,yes,5000,1.2,1.69,1.0,10140.00
143,34,male,25.30,yes,5000,1.0,1.69,1.2,10140.00
154,42,female,23.37,yes,5000,1.2,1.69,1.0,10140.00
157,48,male,24.42,yes,5000,1.2,1.69,1.0,10140.00
208,35,male,27.74,yes,5000,1.0,1.69,1.2,10140.00
225,42,male,24.64,yes,5000,1.2,1.69,1.0,10140.00
281,40,female,28.12,yes,5000,1.0,1.69,1.2,10140.00
412,44,female,20.24,yes,5000,1.2,1.69,1.0,10140.00
515,39,male,28.30,yes,5000,1.0,1.69,1.2,10140.00
639,39,male,26.41,yes,5000,1.0,1.69,1.2,10140.00
751,37,female,26.40,yes,5000,1.0,1.69,1.2,10140.00
763,33,male,27.10,yes,5000,1.0,1.69,1.2,10140.00
828,36,male,28.03,yes,5000,1.0,1.69,1.2,10140.00
855,49,female,23.85,yes,5000,1.2,1.69,1.0,10140.00
886,32,male,28.93,yes,5000,1.0,1.69,1.2,10140.00
897,43,female,20.05,yes,5000,1.2,1.69,1.0,10140.00
918,45,male,22.90,yes,5000,1.2,1.69,1.0,10140.00
955,34,male,27.84,yes,5000,1.0,1.69,1.2,10140.00
983,31,male,25.90,yes,5000,1.0,1.69,1.2,10140.00
1012,43,male,20.13,yes,5000,1.2,1.69,1.0,10140.00
1031,46,female,23.66,yes,5000,1.2,1.69,1.0,10140.00
1041,35,female,28.03,yes,5000,1.0,1.69,1.2,10140.00
1046,43,female,24.70,yes,5000,1.2,1.69,1.0,10140.00
1180,31,male,29.81,yes,5000,1.0,1.69,1.2,10140.00
1209,37,female,25.56,yes,5000,1.0,1.69,1.2,10140.00
1305,42,male,24.61,yes,5000,1.2,1.69,1.0,10140.00
1308,32,male,28.12,yes,5000,1.0,1.69,1.2,10140.00
129,32,female,17.77,yes,5000,1.0,1.69,1.1,9295.00
1086,39,female,18.30,yes,5000,1.0,1.69,1.1,9295.00
1,19,female,27.90,yes,5000,0.9,1.69,1.2,9126.00
106,20,male,28.03,yes,5000,0.9,1.69,1.2,9126.00
118,29,female,27.94,yes,5000,0.9,1.69,1.2,9126.00
127,19,female,28.30,yes,5000,0.9,1.69,1.2,9126.00
145,30,male,28.69,yes,5000,0.9,1.69,1.2,9126.00
158,18,male,25.18,yes,5000,0.9,1.69,1.2,9126.00
239,19,male,29.07,yes,5000,0.9,1.69,1.2,9126.00
262,20,female,26.84,yes,5000,0.9,1.69,1.2,9126.00
297,19,male,27.70,yes,5000,0.9,1.69,1.2,9126.00
376,23,female,28.31,yes,5000,0.9,1.69,1.2,9126.00
466,30,female,28.38,yes,5000,0.9,1.69,1.2,9126.00
477,24,male,28.50,yes,5000,0.9,1.69,1.2,9126.00
495,21,male,25.70,yes,5000,0.9,1.69,1.2,9126.00
605,19,female,28.31,yes,5000,0.9,1.69,1.2,9126.00
742,27,male,29.15,yes,5000,0.9,1.69,1.2,9126.00
774,19,female,28.88,yes,5000,0.9,1.69,1.2,9126.00
796,27,male,28.50,yes,5000,0.9,1.69,1.2,9126.00
950,25,male,29.70,yes,5000,0.9,1.69,1.2,9126.00
1027,19,male,26.03,yes,5000,0.9,1.69,1.2,9126.00
1171,18,male,27.36,yes,5000,0.9,1.69,1.2,9126.00
1185,23,female,28.49,yes,5000,0.9,1.69,1.2,9126.00
1205,18,female,27.28,yes,5000,0.9,1.69,1.2,9126.00
1251,24,male,29.83,yes,5000,0.9,1.69,1.2,9126.00
1253,20,male,27.30,yes,5000,0.9,1.69,1.2,9126.00
1275,26,male,27.06,yes,5000,0.9,1.69,1.2,9126.00
10,60,female,25.84,no,5000,1.5,1.0,1.2,9000.00
26,59,female,27.72,no,5000,1.5,1.0,1.2,9000.00
27,63,female,23.09,no,5000,1.8,1.0,1.0,9000.00
63,64,male,24.70,no,5000,1.8,1.0,1.0,9000.00
73,53,female,28.10,no,5000,1.5,1.0,1.2,9000.00
88,56,female,27.20,no,5000,1.5,1.0,1.2,9000.00
90,55,female,26.98,no,5000,1.5,1.0,1.2,9000.00
112,55,female,29.70,no,5000,1.5,1.0,1.2,9000.00
116,60,male,28.60,no,5000,1.5,1.0,1.2,9000.00
131,59,female,26.51,no,5000,1.5,1.0,1.2,9000.00
132,61,female,22.04,no,5000,1.8,1.0,1.0,9000.00
178,54,male,29.20,no,5000,1.5,1.0,1.2,9000.00
181,58,male,28.60,no,5000,1.5,1.0,1.2,9000.00
194,56,female,26.60,no,5000,1.5,1.0,1.2,9000.00
207,59,male,26.40,no,5000,1.5,1.0,1.2,9000.00
217,53,female,26.60,no,5000,1.5,1.0,1.2,9000.00
232,59,female,27.83,no,5000,1.5,1.0,1.2,9000.00
234,59,male,27.50,no,5000,1.5,1.0,1.2,9000.00
243,55,female,26.80,no,5000,1.5,1.0,1.2,9000.00
256,55,female,25.37,no,5000,1.5,1.0,1.2,9000.00
261,58,female,25.20,no,5000,1.5,1.0,1.2,9000.00
290,52,male,26.40,no,5000,1.5,1.0,1.2,9000.00
334,56,female,28.79,no,5000,1.5,1.0,1.2,9000.00
337,60,male,25.74,no,5000,1.5,1.0,1.2,9000.00
343,60,female,27.55,no,5000,1.5,1.0,1.2,9000.00
371,61,female,21.09,no,5000,1.8,1.0,1.0,9000.00
447,60,male,29.64,no,5000,1.5,1.0,1.2,9000.00
448,56,female,25.65,no,5000,1.5,1.0,1.2,9000.00
464,56,male,25.94,no,5000,1.5,1.0,1.2,9000.00
467,60,female,28.70,no,5000,1.5,1.0,1.2,9000.00
510,57,female,28.70,no,5000,1.5,1.0,1.2,9000.00
528,51,female,25.80,no,5000,1.5,1.0,1.2,9000.00
533,59,male,29.70,no,5000,1.5,1.0,1.2,9000.00
553,62,male,21.40,no,5000,1.8,1.0,1.0,9000.00
576,58,female,27.17,no,5000,1.5,1.0,1.2,9000.00
581,59,male,25.46,no,5000,1.5,1.0,1.2,9000.00
591,58,female,29.00,no,5000,1.5,1.0,1.2,9000.00
603,56,female,25.30,no,5000,1.5,1.0,1.2,9000.00
617,56,female,28.60,no,5000,1.5,1.0,1.2,9000.00
625,59,male,28.79,no,5000,1.5,1.0,1.2,9000.00
660,57,female,28.79,no,5000,1.5,1.0,1.2,9000.00
686,53,male,26.41,no,5000,1.5,1.0,1.2,9000.00
716,60,male,28.90,no,5000,1.5,1.0,1.2,9000.00
772,53,female,26.70,no,5000,1.5,1.0,1.2,9000.00
780,53,male,28.88,no,5000,1.5,1.0,1.2,9000.00
838,56,female,28.31,no,5000,1.5,1.0,1.2,9000.00
860,57,male,28.10,no,5000,1.5,1.0,1.2,9000.00
865,51,male,25.40,no,5000,1.5,1.0,1.2,9000.00
869,61,male,23.66,no,5000,1.8,1.0,1.0,9000.00
913,59,female,26.70,no,5000,1.5,1.0,1.2,9000.00
936,59,female,27.50,no,5000,1.5,1.0,1.2,9000.00
940,53,male,29.48,no,5000,1.5,1.0,1.2,9000.00
981,54,male,25.46,no,5000,1.5,1.0,1.2,9000.00
1010,51,male,27.74,no,5000,1.5,1.0,1.2,9000.00
1016,59,male,25.46,no,5000,1.5,1.0,1.2,9000.00
1056,55,male,27.65,no,5000,1.5,1.0,1.2,9000.00
1062,57,male,27.94,no,5000,1.5,1.0,1.2,9000.00
1069,63,male,21.66,no,5000,1.8,1.0,1.0,9000.00
1074,54,female,28.88,no,5000,1.5,1.0,1.2,9000.00
1087,55,male,28.98,no,5000,1.5,1.0,1.2,9000.00
1092,55,female,29.83,no,5000,1.5,1.0,1.2,9000.00
1102,53,male,28.60,no,5000,1.5,1.0,1.2,9000.00
1127,55,male,29.90,no,5000,1.5,1.0,1.2,9000.00
1237,63,female,21.66,no,5000,1.8,1.0,1.0,9000.00
1238,58,female,28.22,no,5000,1.5,1.0,1.2,9000.00
1258,54,female,27.65,no,5000,1.5,1.0,1.2,9000.00
1295,58,male,25.18,no,5000,1.5,1.0,1.2,9000.00
1331,57,female,25.74,no,5000,1.5,1.0,1.2,9000.00
100,38,male,19.30,yes,5000,1.0,1.69,1.0,8450.00
236,40,female,22.22,yes,5000,1.0,1.69,1.0,8450.00
267,40,male,19.80,yes,5000,1.0,1.69,1.0,8450.00
377,39,female,24.89,yes,5000,1.0,1.69,1.0,8450.00
418,36,female,22.60,yes,5000,1.0,1.69,1.0,8450.00
731,35,male,24.42,yes,5000,1.0,1.69,1.0,8450.00
800,33,male,24.80,yes,5000,1.0,1.69,1.0,8450.00
910,32,female,24.60,yes,5000,1.0,1.69,1.0,8450.00
1101,33,female,19.10,yes,5000,1.0,1.69,1.0,8450.00
7,46,female,33.44,no,5000,1.2,1.0,1.4,8400.00
80,41,female,32.97,no,5000,1.2,1.0,1.4,8400.00
82,45,female,38.29,no,5000,1.2,1.0,1.4,8400.00
84,48,female,41.23,no,5000,1.2,1.0,1.4,8400.00
101,41,female,31.60,no,5000,1.2,1.0,1.4,8400.00
121,44,male,37.10,no,5000,1.2,1.0,1.4,8400.00
125,47,female,33.92,no,5000,1.2,1.0,1.4,8400.00
156,44,male,39.52,no,5000,1.2,1.0,1.4,8400.00
172,49,male,30.30,no,5000,1.2,1.0,1.4,8400.00
180,41,female,33.16,no,5000,1.2,1.0,1.4,8400.00
185,44,male,30.69,no,5000,1.2,1.0,1.4,8400.00
189,41,female,32.20,no,5000,1.2,1.0,1.4,8400.00
202,48,female,32.23,no,5000,1.2,1.0,1.4,8400.00
215,45,female,30.90,no,5000,1.2,1.0,1.4,8400.00
216,41,female,37.10,no,5000,1.2,1.0,1.4,8400.00
229,41,female,31.64,no,5000,1.2,1.0,1.4,8400.00
231,42,female,36.20,no,5000,1.2,1.0,1.4,8400.00
240,44,male,38.06,no,5000,1.2,1.0,1.4,8400.00
269,45,male,30.20,no,5000,1.2,1.0,1.4,8400.00
273,41,male,37.05,no,5000,1.2,1.0,1.4,8400.00
287,46,female,48.07,no,5000,1.2,1.0,1.4,8400.00
310,41,female,33.06,no,5000,1.2,1.0,1.4,8400.00
314,49,male,35.86,no,5000,1.2,1.0,1.4,8400.00
317,50,male,32.21,no,5000,1.2,1.0,1.4,8400.00
335,43,female,35.72,no,5000,1.2,1.0,1.4,8400.00
345,49,female,41.47,no,5000,1.2,1.0,1.4,8400.00
348,46,male,33.35,no,5000,1.2,1.0,1.4,8400.00
357,46,male,43.89,no,5000,1.2,1.0,1.4,8400.00
361,48,female,32.30,no,5000,1.2,1.0,1.4,8400.00
366,49,female,30.78,no,5000,1.2,1.0,1.4,8400.00
368,42,female,24.99,no,5000,1.2,1.0,1.4,8400.00
369,44,male,32.02,no,5000,1.2,1.0,1.4,8400.00
373,42,female,33.16,no,5000,1.2,1.0,1.4,8400.00
391,48,male,35.63,no,5000,1.2,1.0,1.4,8400.00
393,48,male,31.45,no,5000,1.2,1.0,1.4,8400.00
394,49,male,31.35,no,5000,1.2,1.0,1.4,8400.00
395,46,female,32.30,no,5000,1.2,1.0,1.4,8400.00
397,43,female,34.40,no,5000,1.2,1.0,1.4,8400.00
402,47,male,47.52,no,5000,1.2,1.0,1.4,8400.00
404,49,male,32.30,no,5000,1.2,1.0,1.4,8400.00
416,43,female,35.64,no,5000,1.2,1.0,1.4,8400.00
425,48,male,30.20,no,5000,1.2,1.0,1.4,8400.00
446,45,female,33.10,no,5000,1.2,1.0,1.4,8400.00
461,49,female,36.63,no,5000,1.2,1.0,1.4,8400.00
474,47,female,33.35,no,5000,1.2,1.0,1.4,8400.00
482,49,male,37.51,no,5000,1.2,1.0,1.4,8400.00
485,48,male,34.30,no,5000,1.2,1.0,1.4,8400.00
518,45,male,30.50,no,5000,1.2,1.0,1.4,8400.00
529,46,male,39.43,no,5000,1.2,1.0,1.4,8400.00
538,46,female,30.20,no,5000,1.2,1.0,1.4,8400.00
557,46,male,33.44,no,5000,1.2,1.0,1.4,8400.00
564,50,male,44.77,no,5000,1.2,1.0,1.4,8400.00
568,41,male,30.59,no,5000,1.2,1.0,1.4,8400.00
569,49,female,31.90,no,5000,1.2,1.0,1.4,8400.00
595,41,male,40.26,no,5000,1.2,1.0,1.4,8400.00
596,46,female,33.73,no,5000,1.2,1.0,1.4,8400.00
599,43,male,32.60,no,5000,1.2,1.0,1.4,8400.00
645,43,male,35.31,no,5000,1.2,1.0,1.4,8400.00
646,48,male,30.78,no,5000,1.2,1.0,1.4,8400.00
651,49,female,42.68,no,5000,1.2,1.0,1.4,8400.00
653,48,female,31.13,no,5000,1.2,1.0,1.4,8400.00
654,45,female,36.30,no,5000,1.2,1.0,1.4,8400.00
659,48,female,35.91,no,5000,1.2,1.0,1.4,8400.00
674,41,female,31.02,no,5000,1.2,1.0,1.4,8400.00
692,47,male,36.20,no,5000,1.2,1.0,1.4,8400.00
702,50,female,44.75,no,5000,1.2,1.0,1.4,8400.00
713,43,female,30.69,no,5000,1.2,1.0,1.4,8400.00
730,41,female,36.08,no,5000,1.2,1.0,1.4,8400.00
736,49,female,34.77,no,5000,1.2,1.0,1.4,8400.00
746,50,female,30.12,no,5000,1.2,1.0,1.4,8400.00
749,47,female,36.00,no,5000,1.2,1.0,1.4,8400.00
767,47,male,32.30,no,5000,1.2,1.0,1.4,8400.00
773,44,female,36.48,no,5000,1.2,1.0,1.4,8400.00
775,41,male,34.20,no,5000,1.2,1.0,1.4,8400.00
778,45,male,39.81,no,5000,1.2,1.0,1.4,8400.00
806,45,female,35.82,no,5000,1.2,1.0,1.4,8400.00
811,46,female,30.80,no,5000,1.2,1.0,1.4,8400.00
821,45,male,33.70,no,5000,1.2,1.0,1.4,8400.00
836,42,male,35.97,no,5000,1.2,1.0,1.4,8400.00
871,50,male,36.20,no,5000,1.2,1.0,1.4,8400.00
874,43,male,30.10,no,5000,1.2,1.0,1.4,8400.00
904,49,male,36.85,no,5000,1.2,1.0,1.4,8400.00
908,44,female,32.34,no,5000,1.2,1.0,1.4,8400.00
926,50,male,32.11,no,5000,1.2,1.0,1.4,8400.00
930,41,male,34.21,no,5000,1.2,1.0,1.4,8400.00
934,45,female,35.30,no,5000,1.2,1.0,1.4,8400.00
942,50,female,46.09,no,5000,1.2,1.0,1.4,8400.00
947,42,male,35.80,no,5000,1.2,1.0,1.4,8400.00
949,42,male,31.26,no,5000,1.2,1.0,1.4,8400.00
960,48,male,36.67,no,5000,1.2,1.0,1.4,8400.00
977,48,male,40.15,no,5000,1.2,1.0,1.4,8400.00
979,45,female,40.00,no,5000,1.2,1.0,1.4,8400.00
987,43,male,30.12,no,5000,1.2,1.0,1.4,8400.00
993,50,female,31.60,no,5000,1.2,1.0,1.4,8400.00
1014,48,male,32.30,no,5000,1.2,1.0,1.4,8400.00
1025,47,female,45.32,no,5000,1.2,1.0,1.4,8400.00
1051,44,female,36.96,no,5000,1.2,1.0,1.4,8400.00
1058,45,female,31.79,no,5000,1.2,1.0,1.4,8400.00
1067,48,male,37.29,no,5000,1.2,1.0,1.4,8400.00
1077,47,female,32.00,no,5000,1.2,1.0,1.4,8400.00
1095,50,female,33.70,no,5000,1.2,1.0,1.4,8400.00
1107,49,female,29.93,no,5000,1.2,1.0,1.4,8400.00
1122,46,male,38.17,no,5000,1.2,1.0,1.4,8400.00
1141,50,male,37.07,no,5000,1.2,1.0,1.4,8400.00
1142,41,female,32.60,no,5000,1.2,1.0,1.4,8400.00
1145,50,male,32.30,no,5000,1.2,1.0,1.4,8400.00
1150,42,male,34.10,no,5000,1.2,1.0,1.4,8400.00
1161,43,female,34.58,no,5000,1.2,1.0,1.4,8400.00
1181,42,female,41.33,no,5000,1.2,1.0,1.4,8400.00
1194,48,female,36.58,no,5000,1.2,1.0,1.4,8400.00
1198,41,male,33.55,no,5000,1.2,1.0,1.4,8400.00
1202,46,male,40.38,no,5000,1.2,1.0,1.4,8400.00
1228,42,male,37.18,no,5000,1.2,1.0,1.4,8400.00
1256,42,female,37.90,no,5000,1.2,1.0,1.4,8400.00
1265,49,female,33.35,no,5000,1.2,1.0,1.4,8400.00
1281,48,female,33.33,no,5000,1.2,1.0,1.4,8400.00
1290,44,male,34.32,no,5000,1.2,1.0,1.4,8400.00
1310,41,male,32.20,no,5000,1.2,1.0,1.4,8400.00
1327,42,female,32.87,no,5000,1.2,1.0,1.4,8400.00
1334,50,male,30.97,no,5000,1.2,1.0,1.4,8400.00
251,18,male,17.29,yes,5000,0.9,1.69,1.1,8365.50
381,27,female,17.96,yes,5000,0.9,1.69,1.1,8365.50
413,26,female,17.20,yes,5000,0.9,1.69,1.1,8365.50
199,51,female,18.05,no,5000,1.5,1.0,1.1,8250.00
951,57,male,18.34,no,5000,1.5,1.0,1.1,8250.00
1075,60,female,18.34,no,5000,1.5,1.0,1.1,8250.00
1134,52,female,18.34,no,5000,1.5,1.0,1.1,8250.00
65,20,female,22.42,yes,5000,0.9,1.69,1.0,7605.00
70,28,male,23.98,yes,5000,0.9,1.69,1.0,7605.00
71,27,female,24.75,yes,5000,0.9,1.69,1.0,7605.00
363,19,female,21.70,yes,5000,0.9,1.69,1.0,7605.00
594,21,female,21.85,yes,5000,0.9,1.69,1.0,7605.00
728,29,female,21.76,yes,5000,0.9,1.69,1.0,7605.00
781,30,male,24.40,yes,5000,0.9,1.69,1.0,7605.00
858,25,male,24.13,yes,5000,0.9,1.69,1.0,7605.00
976,29,male,22.90,yes,5000,0.9,1.69,1.0,7605.00
990,24,female,20.52,yes,5000,0.9,1.69,1.0,7605.00
995,27,female,20.05,yes,5000,0.9,1.69,1.0,7605.00
1001,30,male,22.99,yes,5000,0.9,1.69,1.0,7605.00
1034,18,male,21.57,yes,5000,0.9,1.69,1.0,7605.00
1224,20,female,24.42,yes,5000,0.9,1.69,1.0,7605.00
1232,20,female,21.80,yes,5000,0.9,1.69,1.0,7605.00
1283,18,female,21.66,yes,5000,0.9,1.69,1.0,7605.00
1307,29,female,21.85,yes,5000,0.9,1.69,1.0,7605.00
1315,30,female,23.66,yes,5000,0.9,1.69,1.0,7605.00
49,60,female,24.53,no,5000,1.5,1.0,1.0,7500.00
92,53,female,24.80,no,5000,1.5,1.0,1.0,7500.00
203,60,female,24.04,no,5000,1.5,1.0,1.0,7500.00
259,51,male,24.42,no,5000,1.5,1.0,1.0,7500.00
280,51,female,21.56,no,5000,1.5,1.0,1.0,7500.00
351,57,female,23.18,no,5000,1.5,1.0,1.0,7500.00
372,57,female,22.23,no,5000,1.5,1.0,1.0,7500.00
401,51,female,20.60,no,5000,1.5,1.0,1.0,7500.00
487,54,female,21.47,no,5000,1.5,1.0,1.0,7500.00
513,51,male,22.42,no,5000,1.5,1.0,1.0,7500.00
662,57,female,23.98,no,5000,1.5,1.0,1.0,7500.00
684,53,male,24.32,no,5000,1.5,1.0,1.0,7500.00
718,60,male,24.32,no,5000,1.5,1.0,1.0,7500.00
732,53,male,21.40,no,5000,1.5,1.0,1.0,7500.00
754,58,female,22.77,no,5000,1.5,1.0,1.0,7500.00
813,54,male,21.01,no,5000,1.5,1.0,1.0,7500.00
825,60,male,24.32,no,5000,1.5,1.0,1.0,7500.00
842,59,male,24.70,no,5000,1.5,1.0,1.0,7500.00
854,53,female,23.75,no,5000,1.5,1.0,1.0,7500.00
893,54,male,24.04,no,5000,1.5,1.0,1.0,7500.00
928,57,female,20.10,no,5000,1.5,1.0,1.0,7500.00
1036,54,female,23.00,no,5000,1.5,1.0,1.0,7500.00
1090,56,male,22.10,no,5000,1.5,1.0,1.0,7500.00
1143,52,female,24.86,no,5000,1.5,1.0,1.0,7500.00
1149,55,male,21.50,no,5000,1.5,1.0,1.0,7500.00
1233,54,female,24.61,no,5000,1.5,1.0,1.0,7500.00
1234,58,male,23.30,no,5000,1.5,1.0,1.0,7500.00
1260,52,female,23.18,no,5000,1.5,1.0,1.0,7500.00
1276,57,male,23.70,no,5000,1.5,1.0,1.0,7500.00
61,43,male,27.36,no,5000,1.2,1.0,1.2,7200.00
75,44,male,27.40,no,5000,1.2,1.0,1.2,7200.00
89,46,female,27.74,no,5000,1.2,1.0,1.2,7200.00
119,49,female,27.17,no,5000,1.2,1.0,1.2,7200.00
152,48,male,29.70,no,5000,1.2,1.0,1.2,7200.00
160,50,female,27.83,no,5000,1.2,1.0,1.2,7200.00
166,47,male,28.22,no,5000,1.2,1.0,1.2,7200.00
179,46,female,28.90,no,5000,1.2,1.0,1.2,7200.00
184,44,female,26.41,no,5000,1.2,1.0,1.2,7200.00
198,45,female,28.60,no,5000,1.2,1.0,1.2,7200.00
230,47,male,25.46,no,5000,1.2,1.0,1.2,7200.00
270,49,male,25.84,no,5000,1.2,1.0,1.2,7200.00
274,50,male,27.46,no,5000,1.2,1.0,1.2,7200.00
276,47,female,26.60,no,5000,1.2,1.0,1.2,7200.00
286,46,male,26.62,no,5000,1.2,1.0,1.2,7200.00
300,48,female,28.88,no,5000,1.2,1.0,1.2,7200.00
311,50,male,26.60,no,5000,1.2,1.0,1.2,7200.00
319,44,female,27.65,no,5000,1.2,1.0,1.2,7200.00
340,46,female,27.72,no,5000,1.2,1.0,1.2,7200.00
352,50,female,25.60,no,5000,1.2,1.0,1.2,7200.00
356,46,male,27.60,no,5000,1.2,1.0,1.2,7200.00
358,47,male,29.83,no,5000,1.2,1.0,1.2,7200.00
388,50,male,25.37,no,5000,1.2,1.0,1.2,7200.00
433,42,male,26.90,no,5000,1.2,1.0,1.2,7200.00
498,45,male,28.70,no,5000,1.2,1.0,1.2,7200.00
502,43,male,26.03,no,5000,1.2,1.0,1.2,7200.00
521,50,female,27.36,no,5000,1.2,1.0,1.2,7200.00
539,46,female,28.05,no,5000,1.2,1.0,1.2,7200.00
597,42,female,29.48,no,5000,1.2,1.0,1.2,7200.00
611,47,female,29.37,no,5000,1.2,1.0,1.2,7200.00
667,49,male,28.70,no,5000,1.2,1.0,1.2,7200.00
687,42,male,26.13,no,5000,1.2,1.0,1.2,7200.00
705,47,female,29.55,no,5000,1.2,1.0,1.2,7200.00
708,49,male,28.69,no,5000,1.2,1.0,1.2,7200.00
725,50,female,27.08,no,5000,1.2,1.0,1.2,7200.00
727,41,male,28.41,no,5000,1.2,1.0,1.2,7200.00
734,48,female,27.27,no,5000,1.2,1.0,1.2,7200.00
745,50,male,26.41,no,5000,1.2,1.0,1.2,7200.00
765,45,female,25.18,no,5000,1.2,1.0,1.2,7200.00
768,42,female,29.00,no,5000,1.2,1.0,1.2,7200.00
801,42,female,26.18,no,5000,1.2,1.0,1.2,7200.00
824,44,female,29.81,no,5000,1.2,1.0,1.2,7200.00
877,49,female,27.10,no,5000,1.2,1.0,1.2,7200.00
879,41,male,28.80,no,5000,1.2,1.0,1.2,7200.00
914,44,female,27.50,no,5000,1.2,1.0,1.2,7200.00
933,46,male,25.80,no,5000,1.2,1.0,1.2,7200.00
937,44,male,29.74,no,5000,1.2,1.0,1.2,7200.00
968,44,male,25.37,no,5000,1.2,1.0,1.2,7200.00
971,50,female,28.16,no,5000,1.2,1.0,1.2,7200.00
986,44,female,25.80,no,5000,1.2,1.0,1.2,7200.00
988,45,female,27.65,no,5000,1.2,1.0,1.2,7200.00
1004,48,male,29.60,no,5000,1.2,1.0,1.2,7200.00
1047,43,female,25.08,no,5000,1.2,1.0,1.2,7200.00
1053,49,male,29.83,no,5000,1.2,1.0,1.2,7200.00
1057,48,female,28.90,no,5000,1.2,1.0,1.2,7200.00
1066,42,female,25.30,no,5000,1.2,1.0,1.2,7200.00
1108,50,female,26.22,no,5000,1.2,1.0,1.2,7200.00
1117,41,male,29.64,no,5000,1.2,1.0,1.2,7200.00
1136,50,female,28.12,no,5000,1.2,1.0,1.2,7200.00
1137,44,female,25.00,no,5000,1.2,1.0,1.2,7200.00
1155,48,female,27.93,no,5000,1.2,1.0,1.2,7200.00
1165,41,female,28.31,no,5000,1.2,1.0,1.2,7200.00
1184,48,female,27.36,no,5000,1.2,1.0,1.2,7200.00
1223,50,male,25.30,no,5000,1.2,1.0,1.2,7200.00
1235,45,female,27.83,no,5000,1.2,1.0,1.2,7200.00
1247,45,female,25.70,no,5000,1.2,1.0,1.2,7200.00
1263,41,female,28.05,no,5000,1.2,1.0,1.2,7200.00
1264,43,female,29.90,no,5000,1.2,1.0,1.2,7200.00
1270,45,male,27.50,no,5000,1.2,1.0,1.2,7200.00
1273,43,male,25.52,no,5000,1.2,1.0,1.2,7200.00
1294,46,male,25.75,no,5000,1.2,1.0,1.2,7200.00
1311,42,male,26.32,no,5000,1.2,1.0,1.2,7200.00
42,31,female,36.63,no,5000,1.0,1.0,1.4,7000.00
44,37,female,30.80,no,5000,1.0,1.0,1.4,7000.00
45,38,male,37.05,no,5000,1.0,1.0,1.4,7000.00
60,34,female,37.34,no,5000,1.0,1.0,1.4,7000.00
69,40,female,36.19,no,5000,1.0,1.0,1.4,7000.00
94,35,male,34.77,no,5000,1.0,1.0,1.4,7000.00
113,37,male,30.80,no,5000,1.0,1.0,1.4,7000.00
130,38,male,34.70,no,5000,1.0,1.0,1.4,7000.00
153,32,female,37.15,no,5000,1.0,1.0,1.4,7000.00
168,32,female,33.16,no,5000,1.0,1.0,1.4,7000.00
174,35,female,34.80,no,5000,1.0,1.0,1.4,7000.00
197,39,female,32.80,no,5000,1.0,1.0,1.4,7000.00
210,40,male,41.23,no,5000,1.0,1.0,1.4,7000.00
212,40,male,30.88,no,5000,1.0,1.0,1.4,7000.00
221,34,female,33.70,no,5000,1.0,1.0,1.4,7000.00
223,32,male,30.80,no,5000,1.0,1.0,1.4,7000.00
238,31,male,38.39,no,5000,1.0,1.0,1.4,7000.00
244,40,male,35.30,no,5000,1.0,1.0,1.4,7000.00
258,38,female,40.15,no,5000,1.0,1.0,1.4,7000.00
320,32,male,37.34,no,5000,1.0,1.0,1.4,7000.00
326,40,male,34.11,no,5000,1.0,1.0,1.4,7000.00
347,33,male,35.75,no,5000,1.0,1.0,1.4,7000.00
349,36,female,29.92,no,5000,1.0,1.0,1.4,7000.00
354,33,male,35.25,no,5000,1.0,1.0,1.4,7000.00
362,35,male,30.50,no,5000,1.0,1.0,1.4,7000.00
384,35,female,43.34,no,5000,1.0,1.0,1.4,7000.00
410,32,male,30.03,no,5000,1.0,1.0,1.4,7000.00
441,31,female,32.68,no,5000,1.0,1.0,1.4,7000.00
450,35,male,38.60,no,5000,1.0,1.0,1.4,7000.00
455,32,male,46.53,no,5000,1.0,1.0,1.4,7000.00
460,40,female,33.00,no,5000,1.0,1.0,1.4,7000.00
486,31,female,31.07,no,5000,1.0,1.0,1.4,7000.00
506,37,male,30.88,no,5000,1.0,1.0,1.4,7000.00
519,35,female,31.00,no,5000,1.0,1.0,1.4,7000.00
520,31,male,30.88,no,5000,1.0,1.0,1.4,7000.00
522,32,female,44.22,no,5000,1.0,1.0,1.4,7000.00
524,38,female,37.73,no,5000,1.0,1.0,1.4,7000.00
534,37,male,36.19,no,5000,1.0,1.0,1.4,7000.00
537,33,female,38.90,no,5000,1.0,1.0,1.4,7000.00
541,34,female,38.00,no,5000,1.0,1.0,1.4,7000.00
558,34,male,34.21,no,5000,1.0,1.0,1.4,7000.00
567,38,female,40.57,no,5000,1.0,1.0,1.4,7000.00
583,39,male,45.43,no,5000,1.0,1.0,1.4,7000.00
590,38,female,30.69,no,5000,1.0,1.0,1.4,7000.00
598,34,female,33.25,no,5000,1.0,1.0,1.4,7000.00
612,38,female,34.80,no,5000,1.0,1.0,1.4,7000.00
628,33,male,42.46,no,5000,1.0,1.0,1.4,7000.00
638,35,female,38.10,no,5000,1.0,1.0,1.4,7000.00
641,33,male,42.40,no,5000,1.0,1.0,1.4,7000.00
661,37,male,46.53,no,5000,1.0,1.0,1.4,7000.00
663,32,female,31.54,no,5000,1.0,1.0,1.4,7000.00
688,40,male,41.69,no,5000,1.0,1.0,1.4,7000.00
706,33,female,32.90,no,5000,1.0,1.0,1.4,7000.00
709,31,female,30.50,no,5000,1.0,1.0,1.4,7000.00
777,40,male,32.30,no,5000,1.0,1.0,1.4,7000.00
779,35,male,34.32,no,5000,1.0,1.0,1.4,7000.00
791,39,female,41.80,no,5000,1.0,1.0,1.4,7000.00
795,39,female,31.92,no,5000,1.0,1.0,1.4,7000.00
807,40,female,41.42,no,5000,1.0,1.0,1.4,7000.00
812,33,female,42.94,no,5000,1.0,1.0,1.4,7000.00
815,36,male,34.43,no,5000,1.0,1.0,1.4,7000.00
835,36,male,33.82,no,5000,1.0,1.0,1.4,7000.00
837,36,male,31.50,no,5000,1.0,1.0,1.4,7000.00
878,33,male,33.44,no,5000,1.0,1.0,1.4,7000.00
888,36,female,30.02,no,5000,1.0,1.0,1.4,7000.00
920,35,female,34.21,no,5000,1.0,1.0,1.4,7000.00
923,38,male,31.00,no,5000,1.0,1.0,1.4,7000.00
924,34,male,35.82,no,5000,1.0,1.0,1.4,7000.00
932,39,female,32.50,no,5000,1.0,1.0,1.4,7000.00
935,32,male,37.18,no,5000,1.0,1.0,1.4,7000.00
956,31,male,39.49,no,5000,1.0,1.0,1.4,7000.00
970,39,female,34.32,no,5000,1.0,1.0,1.4,7000.00
980,36,female,29.92,no,5000,1.0,1.0,1.4,7000.00
989,34,male,34.68,no,5000,1.0,1.0,1.4,7000.00
997,39,female,34.10,no,5000,1.0,1.0,1.4,7000.00
999,33,female,36.29,no,5000,1.0,1.0,1.4,7000.00
1060,32,male,33.82,no,5000,1.0,1.0,1.4,7000.00
1068,39,male,42.66,no,5000,1.0,1.0,1.4,7000.00
1084,32,male,31.50,no,5000,1.0,1.0,1.4,7000.00
1128,35,female,35.86,no,5000,1.0,1.0,1.4,7000.00
1129,34,male,32.80,no,5000,1.0,1.0,1.4,7000.00
1139,33,male,30.25,no,5000,1.0,1.0,1.4,7000.00
1144,39,male,32.34,no,5000,1.0,1.0,1.4,7000.00
1154,35,female,35.82,no,5000,1.0,1.0,1.4,7000.00
1160,32,female,41.10,no,5000,1.0,1.0,1.4,7000.00
1162,34,male,42.13,no,5000,1.0,1.0,1.4,7000.00
1169,32,male,35.20,no,5000,1.0,1.0,1.4,7000.00
1170,37,female,34.11,no,5000,1.0,1.0,1.4,7000.00
1191,31,female,32.78,no,5000,1.0,1.0,1.4,7000.00
1211,36,male,30.88,no,5000,1.0,1.0,1.4,7000.00
1212,39,male,34.10,no,5000,1.0,1.0,1.4,7000.00
1220,38,female,30.21,no,5000,1.0,1.0,1.4,7000.00
1222,40,male,24.97,no,5000,1.0,1.0,1.4,7000.00
1226,33,female,39.82,no,5000,1.0,1.0,1.4,7000.00
1313,34,male,42.90,no,5000,1.0,1.0,1.4,7000.00
1319,35,male,39.71,no,5000,1.0,1.0,1.4,7000.00
1321,31,male,31.07,no,5000,1.0,1.0,1.4,7000.00
2,18,male,33.77,no,5000,0.9,1.0,1.4,6300.00
3,28,male,33.00,no,5000,0.9,1.0,1.4,6300.00
13,23,male,34.40,no,5000,0.9,1.0,1.4,6300.00
22,30,female,32.40,no,5000,0.9,1.0,1.4,6300.00
23,18,male,34.10,no,5000,0.9,1.0,1.4,6300.00
47,18,female,38.67,no,5000,0.9,1.0,1.4,6300.00
48,28,female,34.77,no,5000,0.9,1.0,1.4,6300.00
51,18,female,35.63,no,5000,0.9,1.0,1.4,6300.00
52,21,female,33.63,no,5000,0.9,1.0,1.4,6300.00
62,25,male,33.66,no,5000,0.9,1.0,1.4,6300.00
78,21,male,35.53,no,5000,0.9,1.0,1.4,6300.00
79,22,female,39.81,no,5000,0.9,1.0,1.4,6300.00
91,21,female,39.49,no,5000,0.9,1.0,1.4,6300.00
96,28,female,37.62,no,5000,0.9,1.0,1.4,6300.00
103,18,female,30.12,no,5000,0.9,1.0,1.4,6300.00
108,26,male,30.88,no,5000,0.9,1.0,1.4,6300.00
114,21,female,35.72,no,5000,0.9,1.0,1.4,6300.00
137,19,male,34.10,no,5000,0.9,1.0,1.4,6300.00
140,22,female,36.00,no,5000,0.9,1.0,1.4,6300.00
142,26,male,32.49,no,5000,0.9,1.0,1.4,6300.00
146,29,female,38.83,no,5000,0.9,1.0,1.4,6300.00
167,20,female,37.00,no,5000,0.9,1.0,1.4,6300.00
169,19,female,31.83,no,5000,0.9,1.0,1.4,6300.00
175,24,female,33.35,no,5000,0.9,1.0,1.4,6300.00
182,18,female,38.28,no,5000,0.9,1.0,1.4,6300.00
187,26,female,29.92,no,5000,0.9,1.0,1.4,6300.00
188,30,female,30.90,no,5000,0.9,1.0,1.4,6300.00
190,29,female,32.11,no,5000,0.9,1.0,1.4,6300.00
195,18,male,34.43,no,5000,0.9,1.0,1.4,6300.00
196,19,male,30.59,no,5000,0.9,1.0,1.4,6300.00
201,19,female,32.11,no,5000,0.9,1.0,1.4,6300.00
211,20,male,33.00,no,5000,0.9,1.0,1.4,6300.00
219,26,female,29.92,no,5000,0.9,1.0,1.4,6300.00
227,28,male,38.06,no,5000,0.9,1.0,1.4,6300.00
248,24,male,35.86,no,5000,0.9,1.0,1.4,6300.00
254,27,male,30.30,no,5000,0.9,1.0,1.4,6300.00
291,28,female,33.40,no,5000,0.9,1.0,1.4,6300.00
304,28,female,33.00,no,5000,0.9,1.0,1.4,6300.00
306,29,male,33.35,no,5000,0.9,1.0,1.4,6300.00
308,30,female,33.33,no,5000,0.9,1.0,1.4,6300.00
355,18,female,38.28,no,5000,0.9,1.0,1.4,6300.00
359,23,male,41.91,no,5000,0.9,1.0,1.4,6300.00
370,18,male,30.40,no,5000,0.9,1.0,1.4,6300.00
375,20,male,33.33,no,5000,0.9,1.0,1.4,6300.00
386,19,male,34.40,no,5000,0.9,1.0,1.4,6300.00
390,24,female,30.21,no,5000,0.9,1.0,1.4,6300.00
392,19,female,37.43,no,5000,0.9,1.0,1.4,6300.00
398,21,male,31.02,no,5000,0.9,1.0,1.4,6300.00
400,18,female,38.17,no,5000,0.9,1.0,1.4,6300.00
415,19,female,35.15,no,5000,0.9,1.0,1.4,6300.00
424,25,male,30.59,no,5000,0.9,1.0,1.4,6300.00
430,27,female,30.40,no,5000,0.9,1.0,1.4,6300.00
431,19,male,33.10,no,5000,0.9,1.0,1.4,6300.00
437,22,male,31.73,no,5000,0.9,1.0,1.4,6300.00
443,18,male,43.01,no,5000,0.9,1.0,1.4,6300.00
471,27,male,32.67,no,5000,0.9,1.0,1.4,6300.00
472,18,female,30.12,no,5000,0.9,1.0,1.4,6300.00
478,25,male,35.63,no,5000,0.9,1.0,1.4,6300.00
479,21,male,36.85,no,5000,0.9,1.0,1.4,6300.00
480,23,male,32.56,no,5000,0.9,1.0,1.4,6300.00
483,18,female,31.35,no,5000,0.9,1.0,1.4,6300.00
491,19,female,32.90,no,5000,0.9,1.0,1.4,6300.00
507,22,male,31.35,no,5000,0.9,1.0,1.4,6300.00
512,27,male,33.66,no,5000,0.9,1.0,1.4,6300.00
514,19,male,30.40,no,5000,0.9,1.0,1.4,6300.00
517,20,male,35.31,no,5000,0.9,1.0,1.4,6300.00
526,18,female,33.88,no,5000,0.9,1.0,1.4,6300.00
527,19,female,30.59,no,5000,0.9,1.0,1.4,6300.00
542,20,female,31.79,no,5000,0.9,1.0,1.4,6300.00
547,28,male,35.44,no,5000,0.9,1.0,1.4,6300.00
555,25,female,41.33,no,5000,0.9,1.0,1.4,6300.00
560,19,male,35.53,no,5000,0.9,1.0,1.4,6300.00
563,27,male,30.50,no,5000,0.9,1.0,1.4,6300.00
565,18,female,32.12,no,5000,0.9,1.0,1.4,6300.00
566,19,female,30.50,no,5000,0.9,1.0,1.4,6300.00
572,18,female,37.29,no,5000,0.9,1.0,1.4,6300.00
573,30,female,43.12,no,5000,0.9,1.0,1.4,6300.00
582,19,male,30.59,no,5000,0.9,1.0,1.4,6300.00
593,20,male,31.13,no,5000,0.9,1.0,1.4,6300.00
601,18,female,39.16,no,5000,0.9,1.0,1.4,6300.00
613,18,female,33.16,no,5000,0.9,1.0,1.4,6300.00
615,20,female,33.00,no,5000,0.9,1.0,1.4,6300.00
621,30,male,31.40,no,5000,0.9,1.0,1.4,6300.00
633,29,female,35.53,no,5000,0.9,1.0,1.4,6300.00
644,23,female,34.96,no,5000,0.9,1.0,1.4,6300.00
657,26,female,42.40,no,5000,0.9,1.0,1.4,6300.00
658,27,male,33.16,no,5000,0.9,1.0,1.4,6300.00
664,18,male,33.66,no,5000,0.9,1.0,1.4,6300.00
671,30,male,31.57,no,5000,0.9,1.0,1.4,6300.00
672,29,female,31.16,no,5000,0.9,1.0,1.4,6300.00
693,20,male,32.40,no,5000,0.9,1.0,1.4,6300.00
695,27,female,34.80,no,5000,0.9,1.0,1.4,6300.00
696,26,female,40.19,no,5000,0.9,1.0,1.4,6300.00
700,23,female,39.27,no,5000,0.9,1.0,1.4,6300.00
701,21,female,34.87,no,5000,0.9,1.0,1.4,6300.00
711,18,male,35.20,no,5000,0.9,1.0,1.4,6300.00
714,20,male,40.47,no,5000,0.9,1.0,1.4,6300.00
724,19,male,35.40,no,5000,0.9,1.0,1.4,6300.00
729,18,female,40.28,no,5000,0.9,1.0,1.4,6300.00
733,24,female,30.10,no,5000,0.9,1.0,1.4,6300.00
750,28,male,30.88,no,5000,0.9,1.0,1.4,6300.00
755,24,male,33.63,no,5000,0.9,1.0,1.4,6300.00
759,30,male,37.43,no,5000,0.9,1.0,1.4,6300.00
761,22,female,34.58,no,5000,0.9,1.0,1.4,6300.00
762,23,male,35.20,no,5000,0.9,1.0,1.4,6300.00
782,18,male,41.14,no,5000,0.9,1.0,1.4,6300.00
788,21,male,36.86,no,5000,0.9,1.0,1.4,6300.00
797,30,male,44.22,no,5000,0.9,1.0,1.4,6300.00
808,19,female,36.58,no,5000,0.9,1.0,1.4,6300.00
809,18,male,30.14,no,5000,0.9,1.0,1.4,6300.00
816,20,female,31.46,no,5000,0.9,1.0,1.4,6300.00
818,23,male,37.10,no,5000,0.9,1.0,1.4,6300.00
823,18,female,31.13,no,5000,0.9,1.0,1.4,6300.00
841,21,male,31.10,no,5000,0.9,1.0,1.4,6300.00
848,23,male,50.38,no,5000,0.9,1.0,1.4,6300.00
859,25,female,32.23,no,5000,0.9,1.0,1.4,6300.00
867,18,male,37.29,no,5000,0.9,1.0,1.4,6300.00
881,22,male,34.80,no,5000,0.9,1.0,1.4,6300.00
889,22,male,39.50,no,5000,0.9,1.0,1.4,6300.00
899,18,female,40.26,no,5000,0.9,1.0,1.4,6300.00
907,27,male,32.59,no,5000,0.9,1.0,1.4,6300.00
916,24,female,33.99,no,5000,0.9,1.0,1.4,6300.00
931,26,male,46.53,no,5000,0.9,1.0,1.4,6300.00
943,18,female,40.19,no,5000,0.9,1.0,1.4,6300.00
961,19,female,39.62,no,5000,0.9,1.0,1.4,6300.00
974,19,female,40.50,no,5000,0.9,1.0,1.4,6300.00
975,26,male,35.42,no,5000,0.9,1.0,1.4,6300.00
984,27,female,30.59,no,5000,0.9,1.0,1.4,6300.00
985,20,male,30.12,no,5000,0.9,1.0,1.4,6300.00
1006,29,male,31.73,no,5000,0.9,1.0,1.4,6300.00
1009,25,male,24.99,no,5000,0.9,1.0,1.4,6300.00
1018,26,female,34.20,no,5000,0.9,1.0,1.4,6300.00
1020,21,female,32.68,no,5000,0.9,1.0,1.4,6300.00
1026,21,female,34.60,no,5000,0.9,1.0,1.4,6300.00
1059,24,female,39.49,no,5000,0.9,1.0,1.4,6300.00
1061,24,male,32.01,no,5000,0.9,1.0,1.4,6300.00
1073,21,male,31.26,no,5000,0.9,1.0,1.4,6300.00
1093,23,male,32.70,no,5000,0.9,1.0,1.4,6300.00
1096,18,female,31.35,no,5000,0.9,1.0,1.4,6300.00
1098,22,male,33.77,no,5000,0.9,1.0,1.4,6300.00
1100,25,female,33.99,no,5000,0.9,1.0,1.4,6300.00
1103,29,male,38.94,no,5000,0.9,1.0,1.4,6300.00
1109,26,male,30.00,no,5000,0.9,1.0,1.4,6300.00
1124,27,female,32.40,no,5000,0.9,1.0,1.4,6300.00
1132,27,male,45.90,no,5000,0.9,1.0,1.4,6300.00
